weight,value,predicted_value,residuals
2,35,40.403225806451616,5.403225806451616
4,60,45.645161290322584,14.354838709677416
5,20,48.266129032258064,28.266129032258064
3,50,43.0241935483871,6.975806451612897
6,50,50.88709677419355,0.8870967741935516
5,55,48.266129032258064,6.733870967741936
7,60,53.50806451612904,6.491935483870961
